{
    "horizon": "16 days 12:00:00",
    "mse": 255792863.78687027,
    "rmse": 14819.360896994282,
    "mae": 10589.051099192306,
    "mape": 0.3603971327775131,
    "mdape": 0.27297145312018667,
    "smape": 0.33299036759191003,
    "coverage": 0.8737301587301588
}